거래일자,시장ID,종목코드,종목명,시각,결제월,결제월번호,종가
"20090116","DRV","KR4101D30003","코스피200 F 200903","0900",,"1","146.7"
"20090116","DRV","KR4101D30003","코스피200 F 200903","0901",,"1","146.8"
"20090116","DRV","KR4101D30003","코스피200 F 200903","0902",,"1","147.05"
"20090116","DRV","KR4101D30003","코스피200 F 200903","0903",,"1","146.75"
"20090116","DRV","KR4101D30003","코스피200 F 200903","0904",,"1","146.6"
"20090116","DRV","KR4101D30003","코스피200 F 200903","0905",,"1","146.55"
"20090116","DRV","KR4101D30003","코스피200 F 200903","0906",,"1","146.65"
"20090116","DRV","KR4101D30003","코스피200 F 200903","0907",,"1","147.05"
"20090116","DRV","KR4101D30003","코스피200 F 200903","0908",,"1","147.2"
"20090116","DRV","KR4101D30003","코스피200 F 200903","0909",,"1","147.05"
"20090116","DRV","KR4101D30003","코스피200 F 200903","0910",,"1","146.9"
"20090116","DRV","KR4101D30003","코스피200 F 200903","0911",,"1","147"
"20090116","DRV","KR4101D30003","코스피200 F 200903","0912",,"1","147"
"20090116","DRV","KR4101D30003","코스피200 F 200903","0913",,"1","146.8"
"20090116","DRV","KR4101D30003","코스피200 F 200903","0914",,"1","146.8"
"20090116","DRV","KR4101D30003","코스피200 F 200903","0915",,"1","146.7"
"20090116","DRV","KR4101D30003","코스피200 F 200903","0916",,"1","146.8"
"20090116","DRV","KR4101D30003","코스피200 F 200903","0917",,"1","146.9"
"20090116","DRV","KR4101D30003","코스피200 F 200903","0918",,"1","146.65"
"20090116","DRV","KR4101D30003","코스피200 F 200903","0919",,"1","146.9"
"20090116","DRV","KR4101D30003","코스피200 F 200903","0920",,"1","146.3"
"20090116","DRV","KR4101D30003","코스피200 F 200903","0921",,"1","146.2"
"20090116","DRV","KR4101D30003","코스피200 F 200903","0922",,"1","146.3"
"20090116","DRV","KR4101D30003","코스피200 F 200903","0923",,"1","146"
"20090116","DRV","KR4101D30003","코스피200 F 200903","0924",,"1","146"
"20090116","DRV","KR4101D30003","코스피200 F 200903","0925",,"1","146.15"
"20090116","DRV","KR4101D30003","코스피200 F 200903","0926",,"1","146.15"
"20090116","DRV","KR4101D30003","코스피200 F 200903","0927",,"1","146.05"
"20090116","DRV","KR4101D30003","코스피200 F 200903","0928",,"1","146.15"
"20090116","DRV","KR4101D30003","코스피200 F 200903","0929",,"1","146.1"
"20090116","DRV","KR4101D30003","코스피200 F 200903","0930",,"1","145.9"
"20090116","DRV","KR4101D30003","코스피200 F 200903","0931",,"1","145.65"
"20090116","DRV","KR4101D30003","코스피200 F 200903","0932",,"1","145.8"
"20090116","DRV","KR4101D30003","코스피200 F 200903","0933",,"1","145.8"
"20090116","DRV","KR4101D30003","코스피200 F 200903","0934",,"1","145.9"
"20090116","DRV","KR4101D30003","코스피200 F 200903","0935",,"1","146"
"20090116","DRV","KR4101D30003","코스피200 F 200903","0936",,"1","145.9"
"20090116","DRV","KR4101D30003","코스피200 F 200903","0937",,"1","145.8"
"20090116","DRV","KR4101D30003","코스피200 F 200903","0938",,"1","145.85"
"20090116","DRV","KR4101D30003","코스피200 F 200903","0939",,"1","146.05"
"20090116","DRV","KR4101D30003","코스피200 F 200903","0940",,"1","146.4"
"20090116","DRV","KR4101D30003","코스피200 F 200903","0941",,"1","146.45"
"20090116","DRV","KR4101D30003","코스피200 F 200903","0942",,"1","146.5"
"20090116","DRV","KR4101D30003","코스피200 F 200903","0943",,"1","146.45"
"20090116","DRV","KR4101D30003","코스피200 F 200903","0944",,"1","146.8"
"20090116","DRV","KR4101D30003","코스피200 F 200903","0945",,"1","146.6"
"20090116","DRV","KR4101D30003","코스피200 F 200903","0946",,"1","146.4"
"20090116","DRV","KR4101D30003","코스피200 F 200903","0947",,"1","146.5"
"20090116","DRV","KR4101D30003","코스피200 F 200903","0948",,"1","146.55"
"20090116","DRV","KR4101D30003","코스피200 F 200903","0949",,"1","146.6"
"20090116","DRV","KR4101D30003","코스피200 F 200903","0950",,"1","146.5"
"20090116","DRV","KR4101D30003","코스피200 F 200903","0951",,"1","146.35"
"20090116","DRV","KR4101D30003","코스피200 F 200903","0952",,"1","146.2"
"20090116","DRV","KR4101D30003","코스피200 F 200903","0953",,"1","145.9"
"20090116","DRV","KR4101D30003","코스피200 F 200903","0954",,"1","145.9"
"20090116","DRV","KR4101D30003","코스피200 F 200903","0955",,"1","146"
"20090116","DRV","KR4101D30003","코스피200 F 200903","0956",,"1","145.95"
"20090116","DRV","KR4101D30003","코스피200 F 200903","0957",,"1","146.05"
"20090116","DRV","KR4101D30003","코스피200 F 200903","0958",,"1","146.1"
"20090116","DRV","KR4101D30003","코스피200 F 200903","0959",,"1","146.2"
"20090116","DRV","KR4101D30003","코스피200 F 200903","1000",,"1","146.3"
"20090116","DRV","KR4101D30003","코스피200 F 200903","1001",,"1","146.25"
"20090116","DRV","KR4101D30003","코스피200 F 200903","1002",,"1","146.45"
"20090116","DRV","KR4101D30003","코스피200 F 200903","1003",,"1","146.25"
"20090116","DRV","KR4101D30003","코스피200 F 200903","1004",,"1","146.2"
"20090116","DRV","KR4101D30003","코스피200 F 200903","1005",,"1","146.3"
"20090116","DRV","KR4101D30003","코스피200 F 200903","1006",,"1","146.6"
"20090116","DRV","KR4101D30003","코스피200 F 200903","1007",,"1","146.7"
"20090116","DRV","KR4101D30003","코스피200 F 200903","1008",,"1","146.6"
"20090116","DRV","KR4101D30003","코스피200 F 200903","1009",,"1","146.6"
"20090116","DRV","KR4101D30003","코스피200 F 200903","1010",,"1","146.55"
"20090116","DRV","KR4101D30003","코스피200 F 200903","1011",,"1","146.8"
"20090116","DRV","KR4101D30003","코스피200 F 200903","1012",,"1","147.1"
"20090116","DRV","KR4101D30003","코스피200 F 200903","1013",,"1","147.05"
"20090116","DRV","KR4101D30003","코스피200 F 200903","1014",,"1","147"
"20090116","DRV","KR4101D30003","코스피200 F 200903","1015",,"1","146.95"
"20090116","DRV","KR4101D30003","코스피200 F 200903","1016",,"1","146.9"
"20090116","DRV","KR4101D30003","코스피200 F 200903","1017",,"1","146.75"
"20090116","DRV","KR4101D30003","코스피200 F 200903","1018",,"1","147"
"20090116","DRV","KR4101D30003","코스피200 F 200903","1019",,"1","146.95"
"20090116","DRV","KR4101D30003","코스피200 F 200903","1020",,"1","147"
"20090116","DRV","KR4101D30003","코스피200 F 200903","1021",,"1","147.1"
"20090116","DRV","KR4101D30003","코스피200 F 200903","1022",,"1","147.1"
"20090116","DRV","KR4101D30003","코스피200 F 200903","1023",,"1","147.15"
"20090116","DRV","KR4101D30003","코스피200 F 200903","1024",,"1","147.25"
"20090116","DRV","KR4101D30003","코스피200 F 200903","1025",,"1","147.2"
"20090116","DRV","KR4101D30003","코스피200 F 200903","1026",,"1","147.25"
"20090116","DRV","KR4101D30003","코스피200 F 200903","1027",,"1","147.35"
"20090116","DRV","KR4101D30003","코스피200 F 200903","1028",,"1","147.2"
"20090116","DRV","KR4101D30003","코스피200 F 200903","1029",,"1","147"
"20090116","DRV","KR4101D30003","코스피200 F 200903","1030",,"1","147.05"
"20090116","DRV","KR4101D30003","코스피200 F 200903","1031",,"1","147.05"
"20090116","DRV","KR4101D30003","코스피200 F 200903","1032",,"1","146.9"
"20090116","DRV","KR4101D30003","코스피200 F 200903","1033",,"1","146.95"
"20090116","DRV","KR4101D30003","코스피200 F 200903","1034",,"1","146.7"
"20090116","DRV","KR4101D30003","코스피200 F 200903","1035",,"1","146.75"
"20090116","DRV","KR4101D30003","코스피200 F 200903","1036",,"1","146.55"
"20090116","DRV","KR4101D30003","코스피200 F 200903","1037",,"1","146.45"
"20090116","DRV","KR4101D30003","코스피200 F 200903","1038",,"1","146.5"
"20090116","DRV","KR4101D30003","코스피200 F 200903","1039",,"1","146.6"
"20090116","DRV","KR4101D30003","코스피200 F 200903","1040",,"1","146.5"
"20090116","DRV","KR4101D30003","코스피200 F 200903","1041",,"1","146.55"
"20090116","DRV","KR4101D30003","코스피200 F 200903","1042",,"1","146.6"
"20090116","DRV","KR4101D30003","코스피200 F 200903","1043",,"1","146.65"
"20090116","DRV","KR4101D30003","코스피200 F 200903","1044",,"1","146.65"
"20090116","DRV","KR4101D30003","코스피200 F 200903","1045",,"1","146.6"
"20090116","DRV","KR4101D30003","코스피200 F 200903","1046",,"1","146.5"
"20090116","DRV","KR4101D30003","코스피200 F 200903","1047",,"1","146.25"
"20090116","DRV","KR4101D30003","코스피200 F 200903","1048",,"1","146.4"
"20090116","DRV","KR4101D30003","코스피200 F 200903","1049",,"1","146.3"
"20090116","DRV","KR4101D30003","코스피200 F 200903","1050",,"1","146.2"
"20090116","DRV","KR4101D30003","코스피200 F 200903","1051",,"1","146.15"
"20090116","DRV","KR4101D30003","코스피200 F 200903","1052",,"1","146.25"
"20090116","DRV","KR4101D30003","코스피200 F 200903","1053",,"1","146.25"
"20090116","DRV","KR4101D30003","코스피200 F 200903","1054",,"1","146.35"
"20090116","DRV","KR4101D30003","코스피200 F 200903","1055",,"1","146.4"
"20090116","DRV","KR4101D30003","코스피200 F 200903","1056",,"1","146.5"
"20090116","DRV","KR4101D30003","코스피200 F 200903","1057",,"1","146.4"
"20090116","DRV","KR4101D30003","코스피200 F 200903","1058",,"1","146.4"
"20090116","DRV","KR4101D30003","코스피200 F 200903","1059",,"1","146.45"
"20090116","DRV","KR4101D30003","코스피200 F 200903","1100",,"1","146.45"
"20090116","DRV","KR4101D30003","코스피200 F 200903","1101",,"1","146.05"
"20090116","DRV","KR4101D30003","코스피200 F 200903","1102",,"1","146.1"
"20090116","DRV","KR4101D30003","코스피200 F 200903","1103",,"1","146.15"
"20090116","DRV","KR4101D30003","코스피200 F 200903","1104",,"1","146.25"
"20090116","DRV","KR4101D30003","코스피200 F 200903","1105",,"1","146.2"
"20090116","DRV","KR4101D30003","코스피200 F 200903","1106",,"1","146.15"
"20090116","DRV","KR4101D30003","코스피200 F 200903","1107",,"1","146.15"
"20090116","DRV","KR4101D30003","코스피200 F 200903","1108",,"1","146.2"
"20090116","DRV","KR4101D30003","코스피200 F 200903","1109",,"1","145.95"
"20090116","DRV","KR4101D30003","코스피200 F 200903","1110",,"1","145.85"
"20090116","DRV","KR4101D30003","코스피200 F 200903","1111",,"1","145.6"
"20090116","DRV","KR4101D30003","코스피200 F 200903","1112",,"1","145.7"
"20090116","DRV","KR4101D30003","코스피200 F 200903","1113",,"1","145.6"
"20090116","DRV","KR4101D30003","코스피200 F 200903","1114",,"1","145.35"
"20090116","DRV","KR4101D30003","코스피200 F 200903","1115",,"1","145.3"
"20090116","DRV","KR4101D30003","코스피200 F 200903","1116",,"1","145.4"
"20090116","DRV","KR4101D30003","코스피200 F 200903","1117",,"1","145.45"
"20090116","DRV","KR4101D30003","코스피200 F 200903","1118",,"1","145.5"
"20090116","DRV","KR4101D30003","코스피200 F 200903","1119",,"1","145.45"
"20090116","DRV","KR4101D30003","코스피200 F 200903","1120",,"1","145.55"
"20090116","DRV","KR4101D30003","코스피200 F 200903","1121",,"1","145.6"
"20090116","DRV","KR4101D30003","코스피200 F 200903","1122",,"1","145.6"
"20090116","DRV","KR4101D30003","코스피200 F 200903","1123",,"1","145.5"
"20090116","DRV","KR4101D30003","코스피200 F 200903","1124",,"1","145.7"
"20090116","DRV","KR4101D30003","코스피200 F 200903","1125",,"1","145.65"
"20090116","DRV","KR4101D30003","코스피200 F 200903","1126",,"1","145.65"
"20090116","DRV","KR4101D30003","코스피200 F 200903","1127",,"1","145.55"
"20090116","DRV","KR4101D30003","코스피200 F 200903","1128",,"1","145.95"
"20090116","DRV","KR4101D30003","코스피200 F 200903","1129",,"1","145.8"
"20090116","DRV","KR4101D30003","코스피200 F 200903","1130",,"1","146.1"
"20090116","DRV","KR4101D30003","코스피200 F 200903","1131",,"1","146.05"
"20090116","DRV","KR4101D30003","코스피200 F 200903","1132",,"1","145.85"
"20090116","DRV","KR4101D30003","코스피200 F 200903","1133",,"1","145.85"
"20090116","DRV","KR4101D30003","코스피200 F 200903","1134",,"1","145.7"
"20090116","DRV","KR4101D30003","코스피200 F 200903","1135",,"1","145.75"
"20090116","DRV","KR4101D30003","코스피200 F 200903","1136",,"1","145.65"
"20090116","DRV","KR4101D30003","코스피200 F 200903","1137",,"1","145.65"
"20090116","DRV","KR4101D30003","코스피200 F 200903","1138",,"1","145.9"
"20090116","DRV","KR4101D30003","코스피200 F 200903","1139",,"1","146"
"20090116","DRV","KR4101D30003","코스피200 F 200903","1140",,"1","146"
"20090116","DRV","KR4101D30003","코스피200 F 200903","1141",,"1","146"
"20090116","DRV","KR4101D30003","코스피200 F 200903","1142",,"1","145.65"
"20090116","DRV","KR4101D30003","코스피200 F 200903","1143",,"1","145.75"
"20090116","DRV","KR4101D30003","코스피200 F 200903","1144",,"1","145.9"
"20090116","DRV","KR4101D30003","코스피200 F 200903","1145",,"1","145.95"
"20090116","DRV","KR4101D30003","코스피200 F 200903","1146",,"1","145.85"
"20090116","DRV","KR4101D30003","코스피200 F 200903","1147",,"1","145.75"
"20090116","DRV","KR4101D30003","코스피200 F 200903","1148",,"1","145.7"
"20090116","DRV","KR4101D30003","코스피200 F 200903","1149",,"1","145.65"
"20090116","DRV","KR4101D30003","코스피200 F 200903","1150",,"1","145.6"
"20090116","DRV","KR4101D30003","코스피200 F 200903","1151",,"1","145.6"
"20090116","DRV","KR4101D30003","코스피200 F 200903","1152",,"1","145.5"
"20090116","DRV","KR4101D30003","코스피200 F 200903","1153",,"1","145.5"
"20090116","DRV","KR4101D30003","코스피200 F 200903","1154",,"1","145.8"
"20090116","DRV","KR4101D30003","코스피200 F 200903","1155",,"1","145.7"
"20090116","DRV","KR4101D30003","코스피200 F 200903","1156",,"1","146.2"
"20090116","DRV","KR4101D30003","코스피200 F 200903","1157",,"1","146.1"
"20090116","DRV","KR4101D30003","코스피200 F 200903","1158",,"1","146.35"
"20090116","DRV","KR4101D30003","코스피200 F 200903","1159",,"1","146.4"
"20090116","DRV","KR4101D30003","코스피200 F 200903","1200",,"1","146.45"
"20090116","DRV","KR4101D30003","코스피200 F 200903","1201",,"1","146.3"
"20090116","DRV","KR4101D30003","코스피200 F 200903","1202",,"1","146.3"
"20090116","DRV","KR4101D30003","코스피200 F 200903","1203",,"1","146.4"
"20090116","DRV","KR4101D30003","코스피200 F 200903","1204",,"1","146.45"
"20090116","DRV","KR4101D30003","코스피200 F 200903","1205",,"1","146.45"
"20090116","DRV","KR4101D30003","코스피200 F 200903","1206",,"1","146.5"
"20090116","DRV","KR4101D30003","코스피200 F 200903","1207",,"1","146.3"
"20090116","DRV","KR4101D30003","코스피200 F 200903","1208",,"1","146.3"
"20090116","DRV","KR4101D30003","코스피200 F 200903","1209",,"1","146.4"
"20090116","DRV","KR4101D30003","코스피200 F 200903","1210",,"1","146.7"
"20090116","DRV","KR4101D30003","코스피200 F 200903","1211",,"1","146.65"
"20090116","DRV","KR4101D30003","코스피200 F 200903","1212",,"1","146.75"
"20090116","DRV","KR4101D30003","코스피200 F 200903","1213",,"1","146.75"
"20090116","DRV","KR4101D30003","코스피200 F 200903","1214",,"1","146.8"
"20090116","DRV","KR4101D30003","코스피200 F 200903","1215",,"1","146.7"
"20090116","DRV","KR4101D30003","코스피200 F 200903","1216",,"1","146.7"
"20090116","DRV","KR4101D30003","코스피200 F 200903","1217",,"1","146.65"
"20090116","DRV","KR4101D30003","코스피200 F 200903","1218",,"1","146.45"
"20090116","DRV","KR4101D30003","코스피200 F 200903","1219",,"1","146.55"
"20090116","DRV","KR4101D30003","코스피200 F 200903","1220",,"1","146.6"
"20090116","DRV","KR4101D30003","코스피200 F 200903","1221",,"1","146.45"
"20090116","DRV","KR4101D30003","코스피200 F 200903","1222",,"1","146.4"
"20090116","DRV","KR4101D30003","코스피200 F 200903","1223",,"1","146.35"
"20090116","DRV","KR4101D30003","코스피200 F 200903","1224",,"1","146.4"
"20090116","DRV","KR4101D30003","코스피200 F 200903","1225",,"1","146.6"
"20090116","DRV","KR4101D30003","코스피200 F 200903","1226",,"1","146.65"
"20090116","DRV","KR4101D30003","코스피200 F 200903","1227",,"1","146.65"
"20090116","DRV","KR4101D30003","코스피200 F 200903","1228",,"1","146.6"
"20090116","DRV","KR4101D30003","코스피200 F 200903","1229",,"1","146.8"
"20090116","DRV","KR4101D30003","코스피200 F 200903","1230",,"1","146.85"
"20090116","DRV","KR4101D30003","코스피200 F 200903","1231",,"1","146.85"
"20090116","DRV","KR4101D30003","코스피200 F 200903","1232",,"1","146.8"
"20090116","DRV","KR4101D30003","코스피200 F 200903","1233",,"1","146.75"
"20090116","DRV","KR4101D30003","코스피200 F 200903","1234",,"1","146.65"
"20090116","DRV","KR4101D30003","코스피200 F 200903","1235",,"1","146.65"
"20090116","DRV","KR4101D30003","코스피200 F 200903","1236",,"1","146.7"
"20090116","DRV","KR4101D30003","코스피200 F 200903","1237",,"1","146.75"
"20090116","DRV","KR4101D30003","코스피200 F 200903","1238",,"1","146.85"
"20090116","DRV","KR4101D30003","코스피200 F 200903","1239",,"1","146.9"
"20090116","DRV","KR4101D30003","코스피200 F 200903","1240",,"1","147"
"20090116","DRV","KR4101D30003","코스피200 F 200903","1241",,"1","147.1"
"20090116","DRV","KR4101D30003","코스피200 F 200903","1242",,"1","147.05"
"20090116","DRV","KR4101D30003","코스피200 F 200903","1243",,"1","146.8"
"20090116","DRV","KR4101D30003","코스피200 F 200903","1244",,"1","146.8"
"20090116","DRV","KR4101D30003","코스피200 F 200903","1245",,"1","146.95"
"20090116","DRV","KR4101D30003","코스피200 F 200903","1246",,"1","147.05"
"20090116","DRV","KR4101D30003","코스피200 F 200903","1247",,"1","146.85"
"20090116","DRV","KR4101D30003","코스피200 F 200903","1248",,"1","146.7"
"20090116","DRV","KR4101D30003","코스피200 F 200903","1249",,"1","146.65"
"20090116","DRV","KR4101D30003","코스피200 F 200903","1250",,"1","146.6"
"20090116","DRV","KR4101D30003","코스피200 F 200903","1251",,"1","146.35"
"20090116","DRV","KR4101D30003","코스피200 F 200903","1252",,"1","146.45"
"20090116","DRV","KR4101D30003","코스피200 F 200903","1253",,"1","146.55"
"20090116","DRV","KR4101D30003","코스피200 F 200903","1254",,"1","146.65"
"20090116","DRV","KR4101D30003","코스피200 F 200903","1255",,"1","146.7"
"20090116","DRV","KR4101D30003","코스피200 F 200903","1256",,"1","146.75"
"20090116","DRV","KR4101D30003","코스피200 F 200903","1257",,"1","147"
"20090116","DRV","KR4101D30003","코스피200 F 200903","1258",,"1","146.9"
"20090116","DRV","KR4101D30003","코스피200 F 200903","1259",,"1","146.9"
"20090116","DRV","KR4101D30003","코스피200 F 200903","1300",,"1","146.75"
"20090116","DRV","KR4101D30003","코스피200 F 200903","1301",,"1","146.7"
"20090116","DRV","KR4101D30003","코스피200 F 200903","1302",,"1","146.65"
"20090116","DRV","KR4101D30003","코스피200 F 200903","1303",,"1","146.7"
"20090116","DRV","KR4101D30003","코스피200 F 200903","1304",,"1","146.6"
"20090116","DRV","KR4101D30003","코스피200 F 200903","1305",,"1","146.6"
"20090116","DRV","KR4101D30003","코스피200 F 200903","1306",,"1","146.75"
"20090116","DRV","KR4101D30003","코스피200 F 200903","1307",,"1","146.75"
"20090116","DRV","KR4101D30003","코스피200 F 200903","1308",,"1","146.7"
"20090116","DRV","KR4101D30003","코스피200 F 200903","1309",,"1","146.7"
"20090116","DRV","KR4101D30003","코스피200 F 200903","1310",,"1","146.7"
"20090116","DRV","KR4101D30003","코스피200 F 200903","1311",,"1","146.75"
"20090116","DRV","KR4101D30003","코스피200 F 200903","1312",,"1","146.85"
"20090116","DRV","KR4101D30003","코스피200 F 200903","1313",,"1","146.65"
"20090116","DRV","KR4101D30003","코스피200 F 200903","1314",,"1","146.5"
"20090116","DRV","KR4101D30003","코스피200 F 200903","1315",,"1","146.45"
"20090116","DRV","KR4101D30003","코스피200 F 200903","1316",,"1","146.15"
"20090116","DRV","KR4101D30003","코스피200 F 200903","1317",,"1","146.1"
"20090116","DRV","KR4101D30003","코스피200 F 200903","1318",,"1","146.1"
"20090116","DRV","KR4101D30003","코스피200 F 200903","1319",,"1","146.3"
"20090116","DRV","KR4101D30003","코스피200 F 200903","1320",,"1","146.25"
"20090116","DRV","KR4101D30003","코스피200 F 200903","1321",,"1","146.1"
"20090116","DRV","KR4101D30003","코스피200 F 200903","1322",,"1","146"
"20090116","DRV","KR4101D30003","코스피200 F 200903","1323",,"1","146"
"20090116","DRV","KR4101D30003","코스피200 F 200903","1324",,"1","146.2"
"20090116","DRV","KR4101D30003","코스피200 F 200903","1325",,"1","146.25"
"20090116","DRV","KR4101D30003","코스피200 F 200903","1326",,"1","146.15"
"20090116","DRV","KR4101D30003","코스피200 F 200903","1327",,"1","146.25"
"20090116","DRV","KR4101D30003","코스피200 F 200903","1328",,"1","146.25"
"20090116","DRV","KR4101D30003","코스피200 F 200903","1329",,"1","146.2"
"20090116","DRV","KR4101D30003","코스피200 F 200903","1330",,"1","146.3"
"20090116","DRV","KR4101D30003","코스피200 F 200903","1331",,"1","146.3"
"20090116","DRV","KR4101D30003","코스피200 F 200903","1332",,"1","146.65"
"20090116","DRV","KR4101D30003","코스피200 F 200903","1333",,"1","146.65"
"20090116","DRV","KR4101D30003","코스피200 F 200903","1334",,"1","146.6"
"20090116","DRV","KR4101D30003","코스피200 F 200903","1335",,"1","146.7"
"20090116","DRV","KR4101D30003","코스피200 F 200903","1336",,"1","146.7"
"20090116","DRV","KR4101D30003","코스피200 F 200903","1337",,"1","146.6"
"20090116","DRV","KR4101D30003","코스피200 F 200903","1338",,"1","146.7"
"20090116","DRV","KR4101D30003","코스피200 F 200903","1339",,"1","146.75"
"20090116","DRV","KR4101D30003","코스피200 F 200903","1340",,"1","146.7"
"20090116","DRV","KR4101D30003","코스피200 F 200903","1341",,"1","146.75"
"20090116","DRV","KR4101D30003","코스피200 F 200903","1342",,"1","146.65"
"20090116","DRV","KR4101D30003","코스피200 F 200903","1343",,"1","146.7"
"20090116","DRV","KR4101D30003","코스피200 F 200903","1344",,"1","146.7"
"20090116","DRV","KR4101D30003","코스피200 F 200903","1345",,"1","147"
"20090116","DRV","KR4101D30003","코스피200 F 200903","1346",,"1","147"
"20090116","DRV","KR4101D30003","코스피200 F 200903","1347",,"1","147"
"20090116","DRV","KR4101D30003","코스피200 F 200903","1348",,"1","146.8"
"20090116","DRV","KR4101D30003","코스피200 F 200903","1349",,"1","146.85"
"20090116","DRV","KR4101D30003","코스피200 F 200903","1350",,"1","146.8"
"20090116","DRV","KR4101D30003","코스피200 F 200903","1351",,"1","146.85"
"20090116","DRV","KR4101D30003","코스피200 F 200903","1352",,"1","146.8"
"20090116","DRV","KR4101D30003","코스피200 F 200903","1353",,"1","146.8"
"20090116","DRV","KR4101D30003","코스피200 F 200903","1354",,"1","146.75"
"20090116","DRV","KR4101D30003","코스피200 F 200903","1355",,"1","146.8"
"20090116","DRV","KR4101D30003","코스피200 F 200903","1356",,"1","146.8"
"20090116","DRV","KR4101D30003","코스피200 F 200903","1357",,"1","146.75"
"20090116","DRV","KR4101D30003","코스피200 F 200903","1358",,"1","146.6"
"20090116","DRV","KR4101D30003","코스피200 F 200903","1359",,"1","146.55"
"20090116","DRV","KR4101D30003","코스피200 F 200903","1400",,"1","146.6"
"20090116","DRV","KR4101D30003","코스피200 F 200903","1401",,"1","146.7"
"20090116","DRV","KR4101D30003","코스피200 F 200903","1402",,"1","146.7"
"20090116","DRV","KR4101D30003","코스피200 F 200903","1403",,"1","146.8"
"20090116","DRV","KR4101D30003","코스피200 F 200903","1404",,"1","146.85"
"20090116","DRV","KR4101D30003","코스피200 F 200903","1405",,"1","147"
"20090116","DRV","KR4101D30003","코스피200 F 200903","1406",,"1","146.95"
"20090116","DRV","KR4101D30003","코스피200 F 200903","1407",,"1","147"
"20090116","DRV","KR4101D30003","코스피200 F 200903","1408",,"1","146.75"
"20090116","DRV","KR4101D30003","코스피200 F 200903","1409",,"1","146.9"
"20090116","DRV","KR4101D30003","코스피200 F 200903","1410",,"1","147"
"20090116","DRV","KR4101D30003","코스피200 F 200903","1411",,"1","146.75"
"20090116","DRV","KR4101D30003","코스피200 F 200903","1412",,"1","146.75"
"20090116","DRV","KR4101D30003","코스피200 F 200903","1413",,"1","146.95"
"20090116","DRV","KR4101D30003","코스피200 F 200903","1414",,"1","147.15"
"20090116","DRV","KR4101D30003","코스피200 F 200903","1415",,"1","147.35"
"20090116","DRV","KR4101D30003","코스피200 F 200903","1416",,"1","147.35"
"20090116","DRV","KR4101D30003","코스피200 F 200903","1417",,"1","147.3"
"20090116","DRV","KR4101D30003","코스피200 F 200903","1418",,"1","147.3"
"20090116","DRV","KR4101D30003","코스피200 F 200903","1419",,"1","147.4"
"20090116","DRV","KR4101D30003","코스피200 F 200903","1420",,"1","147.6"
"20090116","DRV","KR4101D30003","코스피200 F 200903","1421",,"1","147.6"
"20090116","DRV","KR4101D30003","코스피200 F 200903","1422",,"1","147.65"
"20090116","DRV","KR4101D30003","코스피200 F 200903","1423",,"1","147.85"
"20090116","DRV","KR4101D30003","코스피200 F 200903","1424",,"1","148.1"
"20090116","DRV","KR4101D30003","코스피200 F 200903","1425",,"1","148.1"
"20090116","DRV","KR4101D30003","코스피200 F 200903","1426",,"1","148.1"
"20090116","DRV","KR4101D30003","코스피200 F 200903","1427",,"1","148.05"
"20090116","DRV","KR4101D30003","코스피200 F 200903","1428",,"1","148.25"
"20090116","DRV","KR4101D30003","코스피200 F 200903","1429",,"1","148.2"
"20090116","DRV","KR4101D30003","코스피200 F 200903","1430",,"1","148.45"
"20090116","DRV","KR4101D30003","코스피200 F 200903","1431",,"1","148.25"
"20090116","DRV","KR4101D30003","코스피200 F 200903","1432",,"1","148.2"
"20090116","DRV","KR4101D30003","코스피200 F 200903","1433",,"1","148.35"
"20090116","DRV","KR4101D30003","코스피200 F 200903","1434",,"1","148.25"
"20090116","DRV","KR4101D30003","코스피200 F 200903","1435",,"1","148.3"
"20090116","DRV","KR4101D30003","코스피200 F 200903","1436",,"1","148.4"
"20090116","DRV","KR4101D30003","코스피200 F 200903","1437",,"1","148.35"
"20090116","DRV","KR4101D30003","코스피200 F 200903","1438",,"1","148.45"
"20090116","DRV","KR4101D30003","코스피200 F 200903","1439",,"1","148.4"
"20090116","DRV","KR4101D30003","코스피200 F 200903","1440",,"1","148.35"
"20090116","DRV","KR4101D30003","코스피200 F 200903","1441",,"1","148.7"
"20090116","DRV","KR4101D30003","코스피200 F 200903","1442",,"1","148.5"
"20090116","DRV","KR4101D30003","코스피200 F 200903","1443",,"1","148.55"
"20090116","DRV","KR4101D30003","코스피200 F 200903","1444",,"1","148.65"
"20090116","DRV","KR4101D30003","코스피200 F 200903","1445",,"1","148.5"
"20090116","DRV","KR4101D30003","코스피200 F 200903","1446",,"1","148.6"
"20090116","DRV","KR4101D30003","코스피200 F 200903","1447",,"1","148.55"
"20090116","DRV","KR4101D30003","코스피200 F 200903","1448",,"1","148.65"
"20090116","DRV","KR4101D30003","코스피200 F 200903","1449",,"1","148.6"
"20090116","DRV","KR4101D30003","코스피200 F 200903","1450",,"1","148.65"
"20090116","DRV","KR4101D30003","코스피200 F 200903","1451",,"1","148.45"
"20090116","DRV","KR4101D30003","코스피200 F 200903","1452",,"1","148.6"
"20090116","DRV","KR4101D30003","코스피200 F 200903","1453",,"1","148.65"
"20090116","DRV","KR4101D30003","코스피200 F 200903","1454",,"1","148.65"
"20090116","DRV","KR4101D30003","코스피200 F 200903","1455",,"1","148.95"
"20090116","DRV","KR4101D30003","코스피200 F 200903","1456",,"1","148.75"
"20090116","DRV","KR4101D30003","코스피200 F 200903","1457",,"1","148.65"
"20090116","DRV","KR4101D30003","코스피200 F 200903","1458",,"1","148.65"
"20090116","DRV","KR4101D30003","코스피200 F 200903","1459",,"1","148.85"
"20090116","DRV","KR4101D30003","코스피200 F 200903","1500",,"1","148.8"
"20090116","DRV","KR4101D30003","코스피200 F 200903","1501",,"1","148.35"
"20090116","DRV","KR4101D30003","코스피200 F 200903","1502",,"1","148.55"
"20090116","DRV","KR4101D30003","코스피200 F 200903","1503",,"1","148.6"
"20090116","DRV","KR4101D30003","코스피200 F 200903","1504",,"1","148.65"
"20090116","DRV","KR4101D30003","코스피200 F 200903","1515",,"1","148.85"
"20090116","DRV","KR4101D60000","코스피200 F 200906","0900",,"2","147.8"
"20090116","DRV","KR4101D60000","코스피200 F 200906","0901",,"2","147.9"
"20090116","DRV","KR4101D60000","코스피200 F 200906","0902",,"2","148.45"
"20090116","DRV","KR4101D60000","코스피200 F 200906","0907",,"2","148.4"
"20090116","DRV","KR4101D60000","코스피200 F 200906","0921",,"2","147.5"
"20090116","DRV","KR4101D60000","코스피200 F 200906","0923",,"2","147.6"
"20090116","DRV","KR4101D60000","코스피200 F 200906","0927",,"2","147.45"
"20090116","DRV","KR4101D60000","코스피200 F 200906","0930",,"2","147.2"
"20090116","DRV","KR4101D60000","코스피200 F 200906","0935",,"2","147.3"
"20090116","DRV","KR4101D60000","코스피200 F 200906","0936",,"2","147.3"
"20090116","DRV","KR4101D60000","코스피200 F 200906","0944",,"2","147.9"
"20090116","DRV","KR4101D60000","코스피200 F 200906","0954",,"2","147.25"
"20090116","DRV","KR4101D60000","코스피200 F 200906","1011",,"2","148.15"
"20090116","DRV","KR4101D60000","코스피200 F 200906","1025",,"2","148.75"
"20090116","DRV","KR4101D60000","코스피200 F 200906","1035",,"2","148.2"
"20090116","DRV","KR4101D60000","코스피200 F 200906","1046",,"2","147.85"
"20090116","DRV","KR4101D60000","코스피200 F 200906","1110",,"2","147.3"
"20090116","DRV","KR4101D60000","코스피200 F 200906","1111",,"2","147.2"
"20090116","DRV","KR4101D60000","코스피200 F 200906","1122",,"2","146.9"
"20090116","DRV","KR4101D60000","코스피200 F 200906","1138",,"2","147.2"
"20090116","DRV","KR4101D60000","코스피200 F 200906","1158",,"2","147.6"
"20090116","DRV","KR4101D60000","코스피200 F 200906","1203",,"2","147.8"
"20090116","DRV","KR4101D60000","코스피200 F 200906","1210",,"2","148"
"20090116","DRV","KR4101D60000","코스피200 F 200906","1236",,"2","148"
"20090116","DRV","KR4101D60000","코스피200 F 200906","1237",,"2","148.15"
"20090116","DRV","KR4101D60000","코스피200 F 200906","1242",,"2","148.25"
"20090116","DRV","KR4101D60000","코스피200 F 200906","1308",,"2","148.15"
"20090116","DRV","KR4101D60000","코스피200 F 200906","1316",,"2","147.5"
"20090116","DRV","KR4101D60000","코스피200 F 200906","1321",,"2","147.4"
"20090116","DRV","KR4101D60000","코스피200 F 200906","1322",,"2","147.25"
"20090116","DRV","KR4101D60000","코스피200 F 200906","1324",,"2","147.45"
"20090116","DRV","KR4101D60000","코스피200 F 200906","1348",,"2","148.2"
"20090116","DRV","KR4101D60000","코스피200 F 200906","1415",,"2","148.5"
"20090116","DRV","KR4101D60000","코스피200 F 200906","1417",,"2","148.6"
"20090116","DRV","KR4101D60000","코스피200 F 200906","1423",,"2","149.1"
"20090116","DRV","KR4101D60000","코스피200 F 200906","1427",,"2","149.4"
"20090116","DRV","KR4101D60000","코스피200 F 200906","1429",,"2","149.6"
"20090116","DRV","KR4101D60000","코스피200 F 200906","1431",,"2","149.65"
"20090116","DRV","KR4101D60000","코스피200 F 200906","1438",,"2","150"
"20090116","DRV","KR4101D60000","코스피200 F 200906","1440",,"2","149.85"
"20090116","DRV","KR4101D60000","코스피200 F 200906","1502",,"2","149.85"
"20090116","DRV","KR4101D60000","코스피200 F 200906","1503",,"2","149.9"
"20090116","DRV","KR4101D60000","코스피200 F 200906","1504",,"2","149.95"
"20090116","DRV","KR4101D90007","코스피200 F 200909","1327",,"3","150.65"
"20090116","DRV","KR4101D90007","코스피200 F 200909","1328",,"3","150.45"
"20090116","DRV","KR4101DC0006","코스피200 F 200912","0917",,"4","145.05"
"20090116","DRV","KR4101DC0006","코스피200 F 200912","1341",,"4","149.8"
"20090116","DRV","KR4401D3D6S0","코스피200 SP 0903-0906","0915",,"1","1.25"
"20090116","DRV","KR4401D3D6S0","코스피200 SP 0903-0906","0935",,"1","1.4"
"20090116","DRV","KR4401D3D6S0","코스피200 SP 0903-0906","0941",,"1","1.35"
"20090116","DRV","KR4401D3D6S0","코스피200 SP 0903-0906","1159",,"1","1.4"
"20090116","DRV","KR4401D3D6S0","코스피200 SP 0903-0906","1240",,"1","1.35"
"20090116","DRV","KR4401D3D6S0","코스피200 SP 0903-0906","1246",,"1","1.35"
"20090116","DRV","KR4401D3D6S0","코스피200 SP 0903-0906","1326",,"1","1.3"
"20090116","DRV","KR4401D3D6S0","코스피200 SP 0903-0906","1337",,"1","1.3"
"20090116","DRV","KR4401D3D6S0","코스피200 SP 0903-0906","1353",,"1","1.3"
"20090116","DRV","KR4401D3D6S0","코스피200 SP 0903-0906","1415",,"1","1.3"
"20090116","DRV","KR4401D3D6S0","코스피200 SP 0903-0906","1422",,"1","1.3"
"20090116","DRV","KR4401D3D6S0","코스피200 SP 0903-0906","1504",,"1","1.35"
"20090116","DRV","KR4401D3D9S4","코스피200 SP 0903-0909","1237",,"1","1.8"
"20090116","DRV","KR4401D3D9S4","코스피200 SP 0903-0909","1238",,"1","1.8"
"20090116","DRV","KR4401D3D9S4","코스피200 SP 0903-0909","1245",,"1","1.6"
"20090116","DRV","KR4401D3D9S4","코스피200 SP 0903-0909","1353",,"1","1.8"
"20090116","DRV","KR4401D3DCS0","코스피200 SP 0903-0912","1237",,"1","2.5"
"20090116","DRV","KR4401D3DCS0","코스피200 SP 0903-0912","1239",,"1","2.5"
"20090116","DRV","KR4401D3DCS0","코스피200 SP 0903-0912","1247",,"1","2.5"
"20090116","DRV","KR4401D3DCS0","코스피200 SP 0903-0912","1316",,"1","2.5"
"20090116","DRV","KR4401D3DCS0","코스피200 SP 0903-0912","1413",,"1","2.7"